{"cameraMode":{"drawMode":0,"name":"Shaded","section":"Shading Mode"},"sceneLighting":false,"audioPlay":false,"sceneViewState":{"showFog":true,"showMaterialUpdate":false,"showSkybox":false,"showFlares":true,"showImageEffects":true,"showParticleSystems":true},"in2DMode":false,"pivot":{"x":-13.247245788574219,"y":3.709334135055542,"z":8.040053367614746},"rotation":{"x":-0.25909748673439028,"y":0.3850502073764801,"z":-0.11356715857982636,"w":-0.8784687519073486},"size":6.057424068450928,"orthographic":false}