{"cameraMode":{"drawMode":0,"name":"Shaded","section":"Shading Mode"},"sceneLighting":false,"audioPlay":false,"sceneViewState":{"showFog":true,"showMaterialUpdate":false,"showSkybox":false,"showFlares":true,"showImageEffects":true,"showParticleSystems":true},"in2DMode":false,"pivot":{"x":-0.9282201528549194,"y":3.312875986099243,"z":9.356757164001465},"rotation":{"x":-0.3126777410507202,"y":0.04044611379504204,"z":-0.01332718227058649,"w":-0.9489041566848755},"size":3.4062981605529787,"orthographic":false}