{"cameraMode":{"drawMode":0,"name":"Shaded","section":"Shading Mode"},"sceneLighting":true,"audioPlay":false,"sceneViewState":{"showFog":true,"showMaterialUpdate":false,"showSkybox":true,"showFlares":true,"showImageEffects":true,"showParticleSystems":true},"in2DMode":false,"pivot":{"x":-3.3700828552246095,"y":-0.08591103553771973,"z":0.3116620182991028},"rotation":{"x":-0.21523478627204896,"y":-0.5959723591804504,"z":0.169962078332901,"w":-0.7547211050987244},"size":13.219175338745118,"orthographic":false}